Medium,N,P,K,Ca,Mg,Fe,Mn,Mo,B,Cu,Zn,Co
IRR2,0.0,0.1,0.5,0.44,0.4,0.0556,0.0687,0.149,0.00194,0.0001,0.000101,0.000101
Modified Hoagland,0.0,1.0,1.0,5.03,1.99,0.052,0.0091,0.0005,0.047,0.00031,0.00083,0.0
NPK,1.532,0.93,0.4554,0.0,0.0,0.001182,0.000601,1.7e-05,0.003053,0.000389,0.000631,0.0
Yoshida,1.249,0.417,0.574,0.901,0.831,0.00545,0.0268,9.88e-05,0.0291,0.000501,0.00136,0.0
