feature,mean_abs_shap
M0,0.005415485389105151
pH_mean,0.004339144922615055
light_lux,0.002284598197174698
P,0.0012238097984329168
Zn,0.0010999186719583248
Fe,0.0010038493195539421
N,0.0008822454340983337
Cu,0.0008805017185623454
Ca,0.0007655851835513897
K,0.0006824670636447356
Mn,0.0005734625402244595
Mg,0.0002776708601396346
B,0.00013361335879022993
Mo,0.00011091460392241968
Co,0.0001084620390797835
temp_mean,0.0
humidity_mean,0.0
