feature,mean_abs_shap
med_Yoshida,0.0024196228333520074
med_Modified Hoagland,0.002022284163616835
pH_mean,0.001844448875280751
med_IRR2,0.0012398260051899904
med_NPK,0.0008424873354548225
light_lux,6.547353947117359e-05
M0,0.0
