Modèle,RMSE,MAE
Ridge,0.010936030769428073,0.009465882971943096
Régression linéaire,0.010979006248554855,0.008399201594591376
XGBoost,0.011131711754675037,0.009909917721379814
Random Forest,0.01177725387629591,0.010173128921750084
