Modèle,RMSE,MAE
Régression linéaire,0.0058957910419556855,0.004621640988575908
Random Forest,0.005926962424903541,0.004360860296489462
Ridge,0.006148392926990236,0.004646158482350888
XGBoost,0.009774856025804067,0.008713463626484438
